prompt_len,code_len,ast_nodes,avg_complexity,mean_logprob,confidence,failed
348,600,86,4.0,-0.10850829078232906,0.47289951229420163,0
506,930,98,5.0,-0.15181353301304537,0.46211934287540773,0
331,743,0,0.0,-0.05909360488709031,0.48523089640388595,1
448,663,55,3.0,-0.10460467399329332,0.47387265124561534,0
430,821,81,2.0,-0.16677160666690796,0.4584034632441668,0
287,545,90,3.0,-0.14849305234832855,0.4629448014065541,0
436,889,113,2.0,-0.2395470685663322,0.440397971581604,0
330,449,52,3.0,-0.13727534559854238,0.4657349557353044,0
372,763,0,0.0,-0.0875632584911043,0.47812316165904806,1
288,714,0,0.0,-0.10798083585065399,0.47303099052134057,1
580,693,0,0.0,-0.3774697105895441,0.4067373167696657,1
259,578,103,2.3333333333333335,-0.12768085393892506,0.46812308061212443,1
376,696,81,4.0,-0.14290542714136942,0.4643343194938703,0
217,641,0,0.0,-0.26113953946489943,0.4350836048174425,1
210,336,54,2.0,-0.11231230397314107,0.47195140168698824,0
219,617,0,0.0,-0.30453237577214054,0.4244498818615078,1
262,411,0,0.0,-0.24396883496189048,0.4393085267677411,1
533,840,85,5.0,-0.12803035239213045,0.46803606210783183,0
295,551,71,3.0,-0.11763310159975365,0.4706255892721886,0
383,654,51,3.0,-0.2706076375889377,0.4327579269782328,0
451,996,0,0.0,-0.19355834157983054,0.451760926379336,1
350,755,88,3.0,-0.310661731657675,0.4229532258998438,0
269,405,55,3.0,-0.1278977500911346,0.4680690773440814,0
133,655,0,0.0,-0.22316124815188232,0.44444007485919174,1
172,320,0,0.0,-0.10149228154729828,0.4746486871983354,1
449,549,31,1.0,-0.35470318877988294,0.41224237658671664,0
285,757,98,5.0,-0.20424471659125512,0.4491155887571982,0
179,371,0,0.0,-0.23482297253311657,0.44156253943925455,1
213,310,37,1.0,-0.12893616403740374,0.4678105412032217,0
312,437,53,3.0,-0.11380297510586287,0.4715799222511693,0
230,271,0,0.0,-0.12762068008515826,0.4681380629593613,1
309,733,0,0.0,-0.26868222602517733,0.4332306351826136,1
759,1153,0,0.0,-0.34882079578381475,0.4136684042104191,1
426,694,0,0.0,-0.11451556851610323,0.47140235306452855,1
149,426,50,1.0,-0.17884583055648628,0.4554073401517859,0
185,575,0,0.0,-0.2556231240339457,0.4364399440106786,1
228,618,0,0.0,-0.14555398713876855,0.4636756111792334,1
345,767,92,3.0,-0.21354533711027557,0.4468156200654397,0
567,987,0,0.0,-0.15694110429230435,0.460845058137811,1
260,752,0,0.0,-0.12088944311736771,0.46981439195698016,1
484,735,0,0.0,-0.13216112589678064,0.46700772635474186,1
647,1155,39,1.0,-0.46526271062254665,0.385738107591335,0
212,248,0,0.0,-0.13237303872343936,0.46695497918207385,1
462,894,67,4.0,-0.1459044994440697,0.4635884467009864,0
300,396,0,0.0,-0.20184646661980876,0.44970901377866257,1
138,548,0,0.0,-0.20360073808885204,0.4492749211942244,1
453,787,0,0.0,-0.08011896325494477,0.4799809666359177,1
168,566,82,2.0,-0.1992998484478612,0.45033930783985754,0
244,687,74,2.0,-0.16718592182734682,0.45830060310609533,0
224,614,72,2.5,-0.18397153133377842,0.4541364007201687,0
333,778,0,0.0,-0.11968182263768767,0.4701152076572253,1
382,397,0,0.0,-0.132066868046667,0.46703118829147583,1
225,611,59,3.0,-0.13159992782265828,0.4671474175974583,0
115,503,0,0.0,-0.24788430238866432,0.43834431272214514,1
431,867,0,0.0,-0.07919334062232641,0.48021200560464805,1
130,506,74,3.0,-0.25385059133330934,0.4368759653741592,0
348,657,74,5.0,-0.15868926006128886,0.46041072914970194,0
243,725,132,9.0,-0.18959428610591544,0.4527429023480178,0
234,509,0,0.0,-0.16324297746647431,0.459279642751841,1
206,669,0,0.0,-0.18192990883585836,0.4546425590724136,1
234,448,0,0.0,-0.07781995997346972,0.48055482226210483,1
348,378,0,0.0,-0.2491355178806472,0.4380362890519997,1
286,619,0,0.0,-0.20175577373107417,0.4497314577242594,1
427,764,0,0.0,-0.10271704860517725,0.4743432920987823,1
425,588,37,1.0,-0.2848862327078905,0.42925626033566455,0
296,682,0,0.0,-0.3514520170223534,0.41303035507848895,1
363,433,26,3.0,-0.5453846172518255,0.3669358744916361,0
766,1259,73,1.0,-0.20369965666792522,0.44925044619311266,0
1167,1313,0,0.0,-0.21170068423610644,0.4472716101453375,1
491,896,0,0.0,-0.24154764432350362,0.4399049934375476,1
385,937,64,3.0,-0.19826404147138987,0.4505957182595673,0
419,804,112,4.0,-0.12712075140110413,0.46826253959141545,1
723,1067,0,0.0,-0.2543160447924544,0.4367614600419714,1
472,818,98,3.0,-0.08940258347689678,0.4776642293024712,0
613,988,96,1.0,-0.12707241537435424,0.46827457492930824,0
269,665,0,0.0,-0.12695665818062463,0.468303397823643,1
426,534,0,0.0,-0.10826124856633101,0.47296109182335666,1
359,798,0,0.0,-0.27103607819276476,0.4326527570513909,1
927,1334,0,0.0,-0.1260591291727104,0.4685268846939244,1
560,977,0,0.0,-0.15758815279239946,0.46068429208761225,1
387,710,0,0.0,-0.120549468431077,0.4698990767217492,1
1035,1335,0,0.0,-0.2662246136951536,0.4338341805993637,1
313,768,0,0.0,-0.17890191474343003,0.45539343066354415,1
164,570,80,4.0,-0.1583769425104009,0.4604883199976242,0
480,939,0,0.0,-0.1347055475185006,0.46637444403044814,1
167,583,0,0.0,-0.3176964978806609,0.4212372313175144,1
542,835,0,0.0,-0.24589224020360234,0.43883481567819194,1
754,1100,0,0.0,-0.10813103246511346,0.47299355076157557,1
578,855,0,0.0,-0.08484702399852442,0.47880096016291407,1
435,575,41,1.0,-0.37628666777129094,0.40702281892009967,0
361,630,0,0.0,-0.10294553932351079,0.47428632016125644,1
372,899,0,0.0,-0.16960324935905818,0.4577005353479475,1
386,693,0,0.0,-0.16522421578198632,0.4587876582109491,1
415,892,0,0.0,-0.2810825054496604,0.43018840543197306,1
608,961,0,0.0,-0.08439325664411124,0.4789141991661423,1
660,906,0,0.0,-0.12691705198502873,0.4683132595935827,1
396,910,57,4.0,-0.15803470711314382,0.4605733457072386,0
346,695,0,0.0,-0.1812832426667032,0.4548028999274329,1
242,261,0,0.0,-0.15002616691184611,0.4625636495943293,1
613,1128,70,4.0,-0.1591045231823074,0.46030756591312405,0
475,886,93,2.0,-0.18660803727583453,0.45348289944481657,0
394,735,0,0.0,-0.1414727322329327,0.46469068892347226,1
316,653,86,4.0,-0.22833851139529315,0.4431621112282793,0
440,797,0,0.0,-0.09075601500418501,0.477326556888934,1
338,694,33,1.0,-0.18429985745852412,0.4540550110393649,1
809,1248,0,0.0,-0.13563020161606548,0.46614433316311993,1
400,748,0,0.0,-0.08438698059186553,0.47891576538900926,1
676,1140,0,0.0,-0.25856496045513566,0.43571650536629286,1
396,923,0,0.0,-0.3648726082436724,0.4097805587434811,1
1265,1812,0,0.0,-0.2628930167264727,0.4346526740608607,1
673,1169,0,0.0,-0.2153188706031699,0.4463772947301279,1
499,910,94,3.0,-0.17347832436007593,0.45673885889038124,0
598,969,81,4.0,-0.23409240396669537,0.44174269441864633,0
590,868,0,0.0,-0.1652193446583622,0.45878886771870336,1
236,800,54,4.0,-0.14477928269748475,0.4638682705090107,0
1050,1534,0,0.0,-0.21722576157102447,0.44590610337535025,1
462,773,0,0.0,-0.0727052939935966,0.4818316790324832,1
702,1066,0,0.0,-0.1924666100104667,0.45203133301720666,1
571,1008,0,0.0,-0.13385389555011767,0.46658640013542063,1
641,1012,12,1.0,-0.36115581318512113,0.4106798049843681,0
613,994,125,1.0,-0.10592270480477349,0.47354405464446386,1
267,570,0,0.0,-0.17227134929083832,0.4570383593741631,1
382,770,71,4.0,-0.15285836458494373,0.46185964455962153,0
843,1138,0,0.0,-0.12370624952480307,0.46911281706394303,1
851,1197,47,1.0,-0.25538147494693675,0.4364993809615603,0
490,972,0,0.0,-0.16409351169048136,0.4590684268350288,1
576,966,0,0.0,-0.1594860376372882,0.46021278980769614,1
926,1108,67,1.0,-0.16097562232828228,0.45984277367837467,0
387,858,0,0.0,-0.09764377574837901,0.47560843270818076,1
1360,1776,0,0.0,-0.2723734344194355,0.43232451338893585,1
672,1190,0,0.0,-0.4049661649767131,0.40011975232402397,1
213,748,0,0.0,-0.16628064789658104,0.45852535593146543,1
472,613,0,0.0,-0.2268779451435039,0.4435225642244567,1
467,725,0,0.0,-0.0981678949314022,0.47547771641045655,1
520,689,0,0.0,-0.2498780638912239,0.4378535119739952,1
361,790,75,3.0,-0.1683048165750307,0.4580228379865145,0
465,861,0,0.0,-0.07754815736522697,0.4806226704997167,1
454,818,0,0.0,-0.09693313204017073,0.4757856739035745,1
264,711,0,0.0,-0.143878771698837,0.4640922299117116,1
325,463,0,0.0,-0.14814669723105744,0.46303091571425803,1
392,844,0,0.0,-0.1001371649950499,0.4749866069749925,1
805,969,0,0.0,-0.18374472593972366,0.4541926255750156,1
609,762,0,0.0,-0.3046462101323826,0.4244220732567149,1
636,1136,99,3.0,-0.08925644251296116,0.47770069175463364,0
586,1094,87,1.0,-0.1535365343311772,0.461691093013735,0
414,865,0,0.0,-0.19302161656071792,0.4518938621092441,1
360,716,0,0.0,-0.14724316394927967,0.4632555716526994,1
476,929,85,5.0,-0.1850338569041412,0.45387306675221045,0
775,1267,0,0.0,-0.3496653416649651,0.4134635772088776,1
776,778,6,1.0,-0.11528679650792739,0.4712101810443592,0
243,381,0,0.0,-0.26429523731810445,0.43430813840442134,1
435,892,0,0.0,-0.15506350969147187,0.46131161239260654,1
794,1102,82,2.0,-0.25875435971465066,0.4356699387858919,0
1053,1532,0,0.0,-0.1240227911219122,0.46903398442248034,1
441,894,0,0.0,-0.40084824538953967,0.4011085568888547,1
224,629,85,3.0,-0.08854751559114504,0.47787757375353546,0
332,332,6,1.0,-0.7040707187520133,0.3309103158160616,0
383,662,0,0.0,-0.14228738980451155,0.46448804604305566,1
465,1004,106,5.0,-0.17539731536653846,0.45626274225319835,0
987,1136,0,0.0,-0.2067567979247542,0.44849415252573394,1
118,1251,0,0.0,-0.25086799083713474,0.7781250844202875,1
305,3971,0,0.0,-0.14201265682156086,0.8676102752279823,1
307,3854,0,0.0,-0.2129424515202213,0.8082026467118716,1
338,1570,0,0.0,-0.18908960579854636,0.8277123355469075,1
350,1763,0,0.0,-0.12914278606472562,0.8788484692718194,1
44,3302,0,0.0,-0.2000773440222889,0.8186674315971677,1
299,1659,0,0.0,-0.15867766230973004,0.8532713561638895,1
168,2077,0,0.0,-0.1225408815201574,0.884669737560491,1
197,1066,0,0.0,-0.17658310781786973,0.8381291211783091,1
86,3241,0,0.0,-0.19581155214419013,0.8221671557180715,1
523,2675,0,0.0,-0.3075056028568552,0.7352787478746867,1
269,1628,0,0.0,-0.3082153019038971,0.7347571063741425,1
278,2674,0,0.0,-0.18203432227635313,0.8335727298111546,1
225,862,81,1.0,-0.09031635469064264,0.9136421045822699,0
122,840,54,1.0,-0.40319528323208736,0.6681816019191534,0
77,1961,0,0.0,-0.21746779050746107,0.8045535187630495,1
211,1810,0,0.0,-0.19585614802144494,0.8221304912700599,1
239,2671,0,0.0,-0.11899158534007348,0.887815271394105,1
28,979,0,0.0,-0.20455718861350936,0.8150081313996924,1
129,471,0,0.0,-0.2605915305780935,0.7705956200854039,1
67,406,33,3.0,-0.20648417741182076,0.8134391320675332,0
153,673,65,1.0,-0.26696767485888784,0.7656978223554907,0
569,1086,0,0.0,-0.24044299826785215,0.786279463462122,1
67,970,0,0.0,-0.2600859172233224,0.7709853420380567,1
100,953,175,11.0,-0.19649662642053708,0.821604103037307,0
39,2930,0,0.0,-0.08583267357098644,0.9177477818323241,1
234,1830,0,0.0,-0.22376619720030225,0.7995020383341052,1
37,2318,432,2.0,-0.06274293729578341,0.9391848720635164,0
344,1474,0,0.0,-0.18315157634117948,0.8326419373530957,1
371,701,78,3.0,-0.29654271855078956,0.7433838703041838,0
100,407,51,1.0,-0.273522804043101,0.7606949892367514,0
43,2626,0,0.0,-0.10011848803919011,0.904730211975954,1
24,1108,0,0.0,-0.12536381052097265,0.882175899322432,1
439,1249,0,0.0,-0.29736039199086206,0.7427762734993953,1
471,2512,0,0.0,-0.25773977340618975,0.7727963080940982,1
30,1334,0,0.0,-0.20963698295790248,0.810878555281946,1
375,782,0,0.0,-0.19595699841162645,0.8220475832699575,1
217,729,0,0.0,-0.5079638567529507,0.6017195194663371,1
516,1980,0,0.0,-0.23459163806220537,0.7908937545994164,1
562,695,0,0.0,-0.4609148061260954,0.6307064074314324,1
42,771,0,0.0,-0.3099722941160389,0.7334672773020554,1
247,1153,0,0.0,-0.19227518446611686,0.8250797881076241,1
48,3056,0,0.0,-0.2011178182434622,0.8178160722244228,1
478,690,0,0.0,-0.48072350070089925,0.618335863501507,1
555,2544,0,0.0,-0.2735981041467113,0.7606377109818023,1
334,1578,0,0.0,-0.34137153888859484,0.710794771241545,1
363,1148,0,0.0,-0.2980311895966162,0.7422781880294682,1
481,1028,0,0.0,-0.3467472147740409,0.7069840207868263,1
255,1289,0,0.0,-0.40164702252078044,0.6692169225077036,1
410,1221,0,0.0,-0.28219856714274016,0.7541239254318176,1
356,1695,0,0.0,-0.26520610113590726,0.7670478442515353,1
182,479,0,0.0,-0.3334447572213302,0.7164514763170978,1
592,785,0,0.0,-0.07023814335502382,0.932171802950453,1
443,2799,0,0.0,-0.2939564885932456,0.7453089201773572,1
154,320,40,1.0,-0.14423262151338628,0.8656863473668039,0
45,71,9,1.0,-0.24408863540999223,0.7834181925927167,0
124,1563,0,0.0,-0.2178000033969739,0.8042862801063345,1
75,113,30,2.0,-0.1348817714045286,0.8738192159997559,0
49,469,0,0.0,-0.1742022177958159,0.8401269918515238,1
421,1947,0,0.0,-0.18721873507449732,0.829262327788869,1
62,691,87,1.0,-0.08037361755305142,0.9227715183370343,0
289,2298,0,0.0,-0.1640785508990442,0.8486753550497355,1
201,859,0,0.0,-0.3403120696761101,0.7115482354836754,1
293,1085,0,0.0,-0.42181528901628806,0.6558551718598156,1
457,1660,0,0.0,-0.16080062168785134,0.8514618172047169,1
150,926,0,0.0,-0.6214949890074801,0.537140817425169,1
144,185,39,1.0,-0.12893844878630034,0.8790280691250263,0
195,3845,0,0.0,-0.16448768579822068,0.848328203364691,1
50,702,0,0.0,-0.19973993321926264,0.8189437054389428,1
36,3409,0,0.0,-0.13231884576650488,0.8760616220039056,1
45,160,26,1.0,-0.26887158883991,0.7642413864705432,0
182,2968,0,0.0,-0.21480868357605046,0.8066957595628745,1
151,849,0,0.0,-0.35197167417508163,0.7033000432480865,1
40,492,0,0.0,-0.10262271049851907,0.9024674007333896,1
29,1123,0,0.0,-0.21155714150420102,0.8093230337958839,1
124,533,27,1.0,-0.17041691237869167,0.8433131556018826,0
397,2160,0,0.0,-0.22788058238994996,0.7962193367686832,1
134,978,0,0.0,-0.35407381798064597,0.7018231582748823,1
184,2011,0,0.0,-0.1961049969816566,0.8219259304055839,1
26,534,63,2.0,-0.17306870449731568,0.8410798268927908,0
66,932,0,0.0,-0.22644281062586516,0.7973649418110506,1
75,113,30,2.0,-0.1348817714045286,0.8738192159997559,0
166,3851,0,0.0,-0.17844192627158023,0.8365726383589285,1
377,2011,0,0.0,-0.1806178104267584,0.8347543321397067,1
258,2920,0,0.0,-0.12776858756123882,0.8800570117215109,1
327,4089,0,0.0,-0.1505249983450341,0.8602562247566923,1
561,3853,0,0.0,-0.16992211600475407,0.8437305271418153,1
205,1756,0,0.0,-0.2147850989318112,0.8067147854197313,1
95,1605,0,0.0,-0.3728393573535793,0.6887758707358017,1
49,124,5,1.0,-0.12996044533945314,0.8781301643741896,0
17,403,0,0.0,-0.3978779298067461,0.6717440225799938,1
30,38,5,1.0,-0.2094978905053508,0.8109913502132016,0
54,1342,0,0.0,-0.2090912706318107,0.8113211824670975,1
54,1387,0,0.0,-0.18017266375147847,0.8351260029732147,1
40,310,32,2.0,-0.18510821899903362,0.8310143474449364,0
93,1851,0,0.0,-0.165718212860806,0.8472849545570821,1
40,571,0,0.0,-0.34441126095103375,0.708637433208677,1
123,1073,0,0.0,-0.2764955059409187,0.758437027584823,1
57,435,0,0.0,-0.32527586106767115,0.7223280639642703,1
178,1098,0,0.0,-0.34871405605084993,0.7055948620079375,1
32,528,77,3.0,-0.07946657282003505,0.9236088930932894,0
42,1665,0,0.0,-0.2525824397590239,0.7767921716401375,1
61,876,0,0.0,-0.32519188898403245,0.7223887219036232,1
96,132,12,1.0,-0.27912975447387517,0.7564417451463021,0
96,3796,328,1.0,-0.16172035644289992,0.8506790581993467,0
93,113,0,0.0,-0.2863114264791707,0.7510286893028354,1
220,168,40,2.0,-0.2200526371269364,0.802476556790378,0
119,789,199,1.0,-0.09266249882024558,0.911501081078994,0
89,151,30,3.0,-0.23578591540283994,0.7899497719102168,0
274,233,16,1.0,-0.24769509397036368,0.7805979160078429,0
220,168,40,2.0,-0.2200526371269364,0.802476556790378,0
60,1117,0,0.0,-0.21524651452127697,0.8063426405048213,1
149,526,60,2.0,-0.21887921308251024,0.8034187547679736,0
115,1870,0,0.0,-0.13510205730562488,0.8736267471462298,1
147,643,151,3.0,-0.09192868383849712,0.9121701997027791,0
216,3369,0,0.0,-0.15419341902505027,0.8571062243275839,1
162,781,0,0.0,-0.3018782211901668,0.7394281060815818,1
77,1359,0,0.0,-0.2368787276824849,0.7890869766216789,1
214,260,53,1.0,-0.1249396636968857,0.882550150791591,0
84,846,0,0.0,-0.23660392613968972,0.7893038487372853,1
99,3830,0,0.0,-0.12812833435922857,0.8797404709701703,1
54,732,0,0.0,-0.32479059611516575,0.7226786695193372,1
58,3726,0,0.0,-0.20863637041544042,0.8116903366063306,1
65,1963,0,0.0,-0.1598734606681133,0.8522516254945758,1
52,2684,0,0.0,-0.20954931089927178,0.8109496497906424,1
57,1586,0,0.0,-0.12296623534390733,0.8842935199233415,1
62,704,0,0.0,-0.23142508545732832,0.7934021306345898,1
89,1172,0,0.0,-0.21728433724716084,0.8047011302686446,1
144,1226,0,0.0,-0.41699280746437445,0.6590256599926119,1
522,1774,0,0.0,-0.15766480328798108,0.8541360375812456,1
114,670,109,3.0,-0.08227327130648447,0.9210202359004434,0
167,1818,0,0.0,-0.18784042597948114,0.8287469431634038,1
90,1154,0,0.0,-0.49805131269640424,0.6077137506712347,1
20,953,0,0.0,-0.21671246671165798,0.8051614467431004,1
26,1096,0,0.0,-0.1985996679126949,0.8198780511340403,1
163,1657,0,0.0,-0.23254796473973022,0.7925117358159893,1
134,1325,0,0.0,-0.2880119422655116,0.7497526384405008,1
155,100,13,1.0,-0.26775211431374374,0.7650974142958115,0
194,953,0,0.0,-0.3942666981740863,0.6741742312255247,1
271,1565,0,0.0,-0.2771400284838976,0.7579483553201766,1
268,1090,0,0.0,-0.23400983492886407,0.7913540329466913,1
55,209,10,1.0,-0.21436486512895642,0.8070538654832896,0
271,3416,0,0.0,-0.1433984243182507,0.8664088017824727,1
186,1295,0,0.0,-0.15623251090909554,0.8553602866504187,1
200,1502,0,0.0,-0.21308108088251262,0.8080906138600565,1
193,168,44,3.0,-0.26991096215842053,0.7634474670253608,0
302,438,45,2.0,-0.2587635497818218,0.7720055423434109,0
267,81,15,1.0,-0.24569166192945668,0.7821633584890442,0
93,113,0,0.0,-0.2863114264791707,0.7510286893028354,1
77,143,37,3.0,-0.09875115490153209,0.9059681257027923,0
141,325,0,0.0,-0.19505041483042157,0.8227931760319309,1
486,1644,0,0.0,-0.12283051144835154,0.8844135478298234,1
509,853,0,0.0,-0.02975897958180935,0.9706794589260991,1
514,766,59,1.0,-0.02569822682920131,0.9746291621675336,0
332,1116,0,0.0,-0.14089237339575844,0.8685827892833533,1
24,1355,0,0.0,-0.19072932203060092,0.8263562343092875,1
97,1201,0,0.0,-0.22264750486641485,0.8003969355993438,1
75,113,30,2.0,-0.1348817714045286,0.8738192159997559,0
23,1708,0,0.0,-0.4412684856385225,0.6432199880585691,1
25,1472,0,0.0,-0.4393165654048089,0.6444767282973256,1
30,3684,0,0.0,-0.24989341243012184,0.7788837979783917,1
29,91,5,1.0,-0.29219199986408056,0.7466251702794879,0
53,797,0,0.0,-0.24680981152445142,0.7812892716175401,1
42,1265,0,0.0,-0.1697653139402602,0.8438628362032435,1
90,839,0,0.0,-0.5416033142027572,0.5818146724353037,1
196,928,0,0.0,-0.37258260201597865,0.6889527403221573,1
30,123,22,2.0,-0.1692141562874868,0.8443280658589735,0
163,3983,0,0.0,-0.17530264589881484,0.839203000985602,1
127,3794,0,0.0,-0.2023131233626562,0.8168391164831523,1
89,1364,0,0.0,-0.38528931177259584,0.6802538022994192,1
170,1893,0,0.0,-0.30214241080123067,0.7392327826601719,1
104,279,0,0.0,-0.27620628031715155,0.7586564187324557,1
107,1727,0,0.0,-0.14846351335757135,0.8620314592303204,1
107,2949,0,0.0,-0.1245386389547226,0.8829041462139755,1
107,114,27,1.0,-0.09318434565150147,0.911025541218423,0
107,2811,0,0.0,-0.19572262976626773,0.8222402680272197,1
48,27,8,1.0,-0.27156496538955255,0.7621857661643907,0
182,681,0,0.0,-0.0933603988830494,0.9108651663455404,1
68,1393,0,0.0,-0.17634796036342495,0.8383262282813586,1
187,1036,0,0.0,-0.28926238007080407,0.7488157053071645,1
32,106,19,1.0,-0.09610859174371171,0.9083653697332876,0
48,328,44,1.0,-0.2208955646755089,0.8018004122040601,0
438,2210,0,0.0,-0.23331430211582418,0.7919046371027689,1
75,113,30,2.0,-0.1348817714045286,0.8738192159997559,0
204,1048,0,0.0,-0.3932104375361583,0.6748867111450787,1
41,623,0,0.0,-0.30036574573260266,0.7405473191224338,1
93,93,27,1.0,-0.13687578044545232,0.8720785486129243,0
181,926,0,0.0,-0.21346799539744066,0.8077780123511074,1
255,2688,0,0.0,-0.15880028934040422,0.8531667284463481,1
134,251,36,1.0,-0.24940056554629184,0.7792677630413113,0
254,1115,0,0.0,-0.20823300980793816,0.8120178065534064,1
106,1400,0,0.0,-0.22177795207874335,0.8010932256725516,1
112,177,7,1.0,-0.2110246819420886,0.8097540803313071,0
264,3459,0,0.0,-0.18141748254148368,0.8340870692089861,1
200,1854,0,0.0,-0.2038930571557177,0.8155495837159674,1
215,200,31,3.0,-0.14038492861574525,0.8690236589348258,0
437,1553,0,0.0,-0.1957019569740271,0.8222572662051518,1
323,307,0,0.0,-0.2185715935545162,0.8036659400836628,1
206,1199,0,0.0,-0.3320951132822151,0.7174190835255037,1
74,99,18,2.0,-0.150532160577886,0.8602500634233627,0
25,1472,0,0.0,-0.4393165654048089,0.6444767282973256,1
30,3684,0,0.0,-0.24989341243012184,0.7788837979783917,1
179,1013,0,0.0,-0.2560093227450608,0.7741347516976741,1
201,2644,0,0.0,-0.21648538399258668,0.8053443057549933,1
58,1662,0,0.0,-0.21585023313001672,0.8058559833644953,1
55,1774,0,0.0,-0.3088716811191689,0.7342749853256725,1
85,839,0,0.0,-0.226357777196836,0.7974327473690691,1
311,2596,0,0.0,-0.12458382403133288,0.8828642530237846,1
123,963,0,0.0,-0.17795828258930277,0.836977339287872,1
80,820,61,2.0,-0.35866710291933823,0.6986068768357276,0
141,505,0,0.0,-0.4190386866000799,0.6576787514208149,1
77,112,9,1.0,-0.3720028744260512,0.689352261029277,0
374,1279,0,0.0,-0.19478711198386497,0.8230098483412736,1
124,987,0,0.0,-0.18020815736364176,0.8350963618607959,1
179,3568,0,0.0,-0.2418046585415462,0.7852095465496948,1
323,2469,0,0.0,-0.15281434387667625,0.8582890536388612,1
62,503,0,0.0,-0.3446922316285231,0.7084383548378761,1
24,87,16,1.0,-0.11900359884517958,0.8878046056848752,0
262,808,0,0.0,-0.2119277716115634,0.8090231298931182,1
108,3831,0,0.0,-0.19067321009804633,0.826402604055509,1
202,3740,0,0.0,-0.1797508389256768,0.8354783541639565,1
69,2078,0,0.0,-0.1842191750832468,0.8317534842083006,1
94,1117,0,0.0,-0.28991269709260403,0.7483288960151531,1
71,3173,0,0.0,-0.1634649963471101,0.8491962234511898,1
516,1192,0,0.0,-0.2398013664273066,0.7867841272883224,1
47,3381,0,0.0,-0.16616369119770488,0.8469075915244153,1
149,1766,0,0.0,-0.30287367916577845,0.738692402717635,1
36,704,0,0.0,-0.33975049756256576,0.7119479333492481,1
61,429,0,0.0,-0.25865638939081653,0.7720882751919497,1
232,2771,0,0.0,-0.125555652807295,0.8820066769134934,1
36,3316,0,0.0,-0.09157842569558322,0.9124897507023514,1
107,2811,0,0.0,-0.19572262976626773,0.8222402680272197,1
55,1765,0,0.0,-0.2142745477595992,0.8071267597571097,1
30,636,0,0.0,-0.2913210585014455,0.7472757202769971,1
476,1137,0,0.0,-0.45885851347695794,0.6320046587156298,1
240,169,22,1.0,-0.2318935283242937,0.7930305541038415,0
13,203,24,1.0,-0.11659894815858393,0.8899420344943795,0
376,4018,0,0.0,-0.18430173964857569,0.8316848136783315,1
211,789,0,0.0,-0.5594836039020906,0.5715041101543008,1
84,567,0,0.0,-0.2511741797857824,0.777886867590314,1
69,690,35,1.0,-0.23434034858230254,0.7910925228528076,0
49,509,0,0.0,-0.4649642325279036,0.6281575723962837,1
65,193,20,1.0,-0.2432658689755251,0.7840630280238307,0
507,3844,0,0.0,-0.2670305790385045,0.7656496582770179,1
258,1607,0,0.0,-0.4065162148753412,0.6659662969680292,1
234,867,0,0.0,-0.3366298500519643,0.7141731421354235,1
81,152,41,1.0,-0.13144240832687787,0.8768297717772898,0
145,1139,0,0.0,-0.3434066401242371,0.7093497028532801,1
178,763,0,0.0,-0.43722912690637683,0.6458234389301146,1
49,40,6,1.0,-0.16619720942132213,0.8468792051621123,0
366,1219,0,0.0,-0.2593331663288678,0.7715659204319252,1
130,1332,0,0.0,-0.41190337554552026,0.6623882758659082,1
334,828,0,0.0,-0.14491089774606508,0.8650993719806609,1
57,1707,0,0.0,-0.3445745480844418,0.7085217312801579,1
50,594,0,0.0,-0.33945028643788133,0.7121617001250122,1
65,102,24,2.0,-0.33095856307848187,0.718234929868388,0
217,1102,0,0.0,-0.3603425647185332,0.6974373677084522,1
112,1230,0,0.0,-0.32820835700636025,0.720212942658368,1
175,856,0,0.0,-0.21900625149516997,0.8033166962074829,1
65,91,23,2.0,-0.3142133658229432,0.7303631769930534,0
233,2191,0,0.0,-0.19800153964402822,0.8203685900612581,1
112,1028,0,0.0,-0.21006857115995448,0.8105286651738417,1
233,2191,0,0.0,-0.19800153964402822,0.8203685900612581,1
65,91,23,2.0,-0.3142133658229432,0.7303631769930534,0
233,2640,0,0.0,-0.23045317820208255,0.7941736187684091,1
233,2191,0,0.0,-0.19800153964402822,0.8203685900612581,1
65,91,23,2.0,-0.3142133658229432,0.7303631769930534,0
233,2640,0,0.0,-0.23045317820208255,0.7941736187684091,1
65,91,23,2.0,-0.3142133658229432,0.7303631769930534,0
233,2640,0,0.0,-0.23045317820208255,0.7941736187684091,1
233,2191,0,0.0,-0.19800153964402822,0.8203685900612581,1
65,91,23,2.0,-0.3142133658229432,0.7303631769930534,0
233,2640,0,0.0,-0.23045317820208255,0.7941736187684091,1
27,114,11,1.0,-0.32750033929935723,0.7207230467346329,0
22,129,0,0.0,-0.3290737947378754,0.7195899128387093,1
18,64,13,1.0,-0.5954912524634542,0.5512916759417176,0
24,1275,0,0.0,-0.46250231097668,0.6297059522741575,1
312,3776,0,0.0,-0.22854421654480098,0.7956911137148669,1
47,3580,0,0.0,-0.11114179492256328,0.8948118601547322,1
219,430,59,4.0,-0.15185317529432674,0.8591144107018907,0
83,84,14,1.0,-0.14180176849125323,0.8677932634046402,0
36,268,81,5.0,-0.11039556001596726,0.8954798492069915,0
43,1307,0,0.0,-0.20277747780055838,0.8164599016662168,1
75,113,30,2.0,-0.1348817714045286,0.8738192159997559,0
44,394,9,1.0,-0.3815391892173022,0.6828096267589212,0
178,1349,0,0.0,-0.22612188404848763,0.7976208784789895,1
143,572,41,3.0,-0.34925156134023394,0.7052157029465752,0
180,411,24,2.0,-0.2774517424723456,0.7577121290347337,0
60,2091,0,0.0,-0.07945391687044906,0.9236205823148466,1
92,1997,0,0.0,-0.09860476263451155,0.9061007621387996,1
81,740,0,0.0,-0.3255218284131432,0.7221504166964262,1
46,3592,0,0.0,-0.12361874426318963,0.8837166987252822,1
541,1326,0,0.0,-0.4574830272920076,0.6328745705312063,1
220,747,0,0.0,-0.2273382207089417,0.7966512927542231,1
129,1612,0,0.0,-0.19753041982100406,0.8207551730225201,1
58,253,0,0.0,-0.09771877758501447,0.9069039096031783,1
58,1588,0,0.0,-0.04561897679771731,0.9554059246721347,1
431,2094,0,0.0,-0.10566780468819988,0.8997234823602583,1
480,1970,0,0.0,-0.1294514094640599,0.878577277919884,1
104,279,0,0.0,-0.27620628031715155,0.7586564187324557,1
107,1727,0,0.0,-0.14846351335757135,0.8620314592303204,1
107,114,27,1.0,-0.09318434565150147,0.911025541218423,0
107,2811,0,0.0,-0.19572262976626773,0.8222402680272197,1
49,1219,0,0.0,-0.19469861609773517,0.823082684549901,1
42,149,29,1.0,-0.11947963473699967,0.8873820794044625,0
117,3529,0,0.0,-0.10012148036271468,0.9047275047345078,1
32,209,22,2.0,-0.47774819296941584,0.620178342588768,0
42,142,5,1.0,-0.5061007660757847,0.6028416224585572,0
56,496,15,1.0,-0.1415723974409229,0.8679923328864523,0
25,1753,0,0.0,-0.14724829198325104,0.8630796550509017,1
204,1090,0,0.0,-0.3019748263174792,0.7393566769855194,1
45,819,0,0.0,-0.31687849300592624,0.7284192577831856,1
48,1072,0,0.0,-0.4789302404409813,0.6194456954441504,1
181,119,14,1.0,-0.19514799263898958,0.8227128935938649,0
278,149,45,4.0,-0.085706177504341,0.9178638806597661,0
121,366,0,0.0,-0.18539526319276253,0.8307758438337729,1
206,1246,0,0.0,-0.5121606698929587,0.5991995067903952,1
159,627,0,0.0,-0.2611034899673455,0.7702012073926401,1
109,760,0,0.0,-0.22022712715858153,0.8023365448462887,1
107,970,0,0.0,-0.24999924740253032,0.7788013691951241,1
317,1070,0,0.0,-0.2687744305444212,0.7643156424682294,1
93,886,53,3.0,-0.36230961095018144,0.69606682456527,0
97,1164,0,0.0,-0.35194488475206864,0.7033188845028222,1
106,406,80,4.0,-0.17840406112504179,0.8366043159042036,0
114,1068,0,0.0,-0.20276336283562468,0.8164714260504315,1
116,179,0,0.0,-0.5716832226848372,0.5645743341372118,1
93,281,10,1.0,-0.3537541803851473,0.7020475231974805,0
516,1585,0,0.0,-0.24347548310984288,0.7838986945548715,1
119,335,0,0.0,-0.3499373475162743,0.7047322415608831,1
370,555,0,0.0,-0.26979446751210356,0.7635364097485885,1
99,635,0,0.0,-0.2881606150309811,0.7496411789280281,1
40,781,0,0.0,-0.38947422697862955,0.6774129463349894,1
40,424,0,0.0,-0.37086673487046484,0.6901359064817684,1
60,1487,0,0.0,-0.22259568976531077,0.8004384093219585,1
65,977,0,0.0,-0.22456585689482414,0.7988629643332764,1
50,1144,0,0.0,-0.3206926959070028,0.7256462107807993,1
49,3637,0,0.0,-0.08813722485822438,0.9156352201886471,1
43,1080,0,0.0,-0.37248529662718594,0.6890197823981388,1
48,1297,0,0.0,-0.31644297273569555,0.7287365682277263,1
34,3946,0,0.0,-0.3662064928714433,0.6933596126092014,1
38,1392,0,0.0,-0.19435596948648273,0.8233647593657726,1
27,126,27,3.0,-0.11632225999039747,0.8901883049941914,0
41,783,33,1.0,-0.1750751269162842,0.8393939573207947,0
223,3569,0,0.0,-0.20611915577713227,0.8137361091474722,1
65,2625,291,1.0,-0.13089518424136856,0.8773097254564275,0
62,1108,0,0.0,-0.24186586948037425,0.7851614846071471,1
187,1958,0,0.0,-0.17981858933017306,0.8354217520849426,1
53,1061,0,0.0,-0.24961566834303173,0.7791001583928325,1
404,3549,0,0.0,-0.21070017999263918,0.810016889747727,1
53,2587,0,0.0,-0.12428720813860025,0.8831261634338317,1
70,890,0,0.0,-0.34503620543830643,0.7081947125036591,1
70,2265,0,0.0,-0.18427854342611605,0.8317041058480377,1
83,104,9,1.0,-0.18760813604260168,0.8289394750992701,0
250,294,63,2.0,-0.06965801884400094,0.9327127355507884,0
238,696,0,0.0,-0.29858148323820566,0.7418698294311802,1
48,96,15,2.0,-0.1425242886788409,0.8671664917080462,0
43,547,0,0.0,-0.30523383745315225,0.7369510274904666,1
34,67,16,1.0,-0.3577290442162848,0.6992625185636929,0
49,357,14,1.0,-0.14050404624330978,0.8689201490633236,0
23,50,5,1.0,-0.3389364722380905,0.7125277129423226,0
22,696,0,0.0,-0.37161325696551506,0.6896208970358751,1
17,111,22,1.0,-0.1900424336644766,0.826924043781444,0
34,1320,0,0.0,-0.13427552766477044,0.8743491240396222,1
466,1126,0,0.0,-0.4448403693040666,0.6409265794226363,1
127,3268,0,0.0,-0.16712496926488163,0.846093869001225,1
130,1962,0,0.0,-0.25187595593556805,0.7773411566452669,1
220,798,0,0.0,-0.2892683504740422,0.7488112345887987,1
99,487,0,0.0,-0.20474956743429343,0.8148513561770441,1
123,884,0,0.0,-0.2943145806139009,0.7450420787798574,1
45,819,0,0.0,-0.31687849300592624,0.7284192577831856,1
48,1072,0,0.0,-0.4789302404409813,0.6194456954441504,1
187,275,53,2.0,-0.21411500070688252,0.8072555447261556,0
127,143,31,1.0,-0.16303505192877463,0.8495614091266802,0
124,76,9,1.0,-0.1826653926906753,0.8330468526733891,0
82,2552,0,0.0,-0.09322508722476072,0.9109884253606788,1
25,749,0,0.0,-0.16550905513766354,0.8474621892833899,1
59,618,0,0.0,-0.20964400039410588,0.8108728650133811,1
63,849,0,0.0,-0.27480032222004375,0.7597238080437907,1
75,113,30,2.0,-0.1348817714045286,0.8738192159997559,0
29,1455,0,0.0,-0.31335911391516685,0.7309873576961897,1
47,1187,0,0.0,-0.24699194991470513,0.7811469818058973,1
46,91,9,1.0,-0.24748761564968963,0.7807598899550381,0
158,1699,0,0.0,-0.3333079460107263,0.7165495016162388,1
158,755,0,0.0,-0.3137779649064063,0.7306812470286888,1
75,1781,0,0.0,-0.26158428025724717,0.7698309911361774,1
88,2412,223,2.3333333333333335,-0.09316261387470923,0.9110453396372634,0
258,2515,0,0.0,-0.14568676791922955,0.8644284274976816,1
148,1003,0,0.0,-0.29988330228099125,0.7409046775228315,1
42,67,12,1.0,-0.14158104722376746,0.867984824973733,0
35,726,112,1.0,-0.05261520750324283,0.9487450122152514,0
93,1164,0,0.0,-0.2057518634449129,0.8140350430755213,1
203,410,0,0.0,-0.42299106218191634,0.655084488111625,1
182,1339,0,0.0,-0.18189867794419495,0.8336858068963545,1
242,145,33,3.0,-0.21206448542382395,0.8089125328170698,0
277,861,0,0.0,-0.23616765513884047,0.7896482742433153,1
32,1410,0,0.0,-0.20296744410006556,0.8163048165309423,1
21,747,0,0.0,-0.18515082170591082,0.8309789447384124,1
38,1034,0,0.0,-0.3429139035906943,0.7096993114923348,1
24,1330,0,0.0,-0.3387883450686292,0.7126332654730093,1
40,1836,0,0.0,-0.37032818626181957,0.690507678313596,1
17,1206,0,0.0,-0.3195412764692218,0.7264822151363147,1
15,981,0,0.0,-0.19186742423115322,0.8254162914375626,1
38,1195,0,0.0,-0.26976050698766374,0.7635623402857973,1
31,568,85,2.0,-0.09559282953936578,0.9088339910969383,0
16,276,9,1.0,-0.22439353639066928,0.7990006366635829,0
31,65,5,1.0,-0.3593065249171394,0.698160315016804,0
18,967,0,0.0,-0.317942229110872,0.7276448238888159,1
17,37,5,1.0,-0.2878072429094963,0.7499061280318347,0
188,782,0,0.0,-0.37554120311560985,0.6869174163276037,1
125,1583,0,0.0,-0.4923320509460888,0.611199382800612,1
245,3138,0,0.0,-0.17938090486063607,0.835787483242929,1
209,1035,36,2.0,-0.19233886589976074,0.8250272475167946,0
102,1056,0,0.0,-0.24054134280668993,0.7862021409730748,1
30,2764,0,0.0,-0.1546593809146783,0.8567069385248922,1
161,577,0,0.0,-0.3630038627485598,0.6955837466287902,1
203,753,0,0.0,-0.3183387724551948,0.7273563383791565,1
234,3526,0,0.0,-0.2502640555739287,0.7785951635323423,1
278,149,45,4.0,-0.085706177504341,0.9178638806597661,0
121,366,0,0.0,-0.18539526319276253,0.8307758438337729,1
206,1246,0,0.0,-0.5121606698929587,0.5991995067903952,1
273,2729,0,0.0,-0.27168615357207726,0.7620934038533664,1
53,942,0,0.0,-0.25429429724453534,0.7754635516749002,1
140,82,9,1.0,-0.23434484121064866,0.7910889687760986,0
40,997,0,0.0,-0.4323419326607341,0.6489874287433915,1
90,3274,787,1.0,-0.04384137013906381,0.9571057709870029,0
91,2251,0,0.0,-0.2382405169346173,0.7880131377949544,1
25,749,0,0.0,-0.16550905513766354,0.8474621892833899,1
35,887,0,0.0,-0.32209366380574633,0.7246303155181353,1
44,99,21,2.0,-0.20181284796880294,0.8172478632283102,0
84,1126,0,0.0,-0.29792702869535387,0.7423555084213317,1
173,1103,0,0.0,-0.2493998737531619,0.7792683021335827,1
236,1340,0,0.0,-0.19317594614561137,0.8243369224746472,1
51,2064,0,0.0,-0.10492626239852919,0.9003909128048041,1
37,1871,0,0.0,-0.1748160864648788,0.8396114224753259,1
94,3383,0,0.0,-0.14975491987016482,0.8609189446986802,1
246,1826,0,0.0,-0.2377698097077888,0.7883841485856302,1
61,139,7,1.0,-0.6767821686012381,0.5082498261136988,0
93,1409,0,0.0,-0.275869397773928,0.7589120398909667,1
54,789,148,4.5,-0.08269549232115538,0.9206314438857643,0
78,2677,0,0.0,-0.16250773698235368,0.850009513691349,1
373,3600,0,0.0,-0.13570150903787714,0.8731032070135083,1
51,207,41,1.0,-0.13724965013629498,0.8717525658169045,0
37,1202,0,0.0,-0.19017232593060857,0.8268166397191078,1
94,2021,0,0.0,-0.150323480182969,0.8604295994785012,1
266,3857,0,0.0,-0.15726896237843588,0.8544742064933663,1
30,165,36,4.0,-0.11536831846716704,0.8910378977482948,0
12,3407,0,0.0,-0.1275585255575825,0.8802418976788023,1
30,889,0,0.0,-0.26005054388186993,0.7710126148481777,1
31,165,36,4.0,-0.134679909135849,0.8739956249336681,0
142,311,51,3.0,-0.1684985113245942,0.8449325212482641,0
39,255,0,0.0,-0.39045477156746994,0.6767490382849669,1
280,1866,0,0.0,-0.1874301608666435,0.8290870188773851,1
266,3827,0,0.0,-0.22614646869323757,0.7976012694940879,1
42,496,48,3.0,-0.19374593963493966,0.8238671896808586,0
267,1291,0,0.0,-0.2862766768968165,0.751054787689576,1
38,498,0,0.0,-0.32496299922910127,0.7225540882057491,1
108,769,0,0.0,-0.34621872932528214,0.7073577503009236,1
68,140,11,1.0,-0.14829351085942713,0.862178019189295,0
139,1414,0,0.0,-0.16819724771125874,0.8451871070194291,1
298,3252,0,0.0,-0.13190274250314132,0.8764262299557475,1
129,1208,0,0.0,-0.33977974188546795,0.7119271132184325,1
110,534,0,0.0,-0.37828667317260806,0.6850340916182242,1
43,610,0,0.0,-0.12295766098944798,0.8843011022019339,1
35,365,0,0.0,-0.37926776582253846,0.6843623392855064,1
34,2099,0,0.0,-0.24499951707144407,0.7827049162323318,1
182,698,99,3.0,-0.1690683664756428,0.8444511692622226,0
227,2875,0,0.0,-0.101477571185075,0.903501443581631,1
92,1495,0,0.0,-0.24808056979731163,0.7802970723683564,1
101,715,0,0.0,-0.36737626130429235,0.6925490166189915,1
89,4296,595,73.0,-0.0737552808850137,0.928898985366473,0
239,1032,0,0.0,-0.3229714105449992,0.7239945526817219,1
55,612,0,0.0,-0.15446784843654687,0.856871041442878,1
29,185,11,1.0,-0.2697276212284123,0.7635874510259839,0
35,2645,0,0.0,-0.045451291472190576,0.9555661456586022,1
82,401,89,5.0,-0.17539262640992992,0.8391274924678425,0
122,455,55,1.0,-0.2498921040288342,0.7788848170716226,0
97,53,15,1.0,-0.10461021680939468,0.473871269325529,0
92,60,13,1.0,-0.09218399615397427,0.4769703073001265,0
64,1002,0,0.0,-0.19453698190712068,0.45151855506298255,1
65,1023,0,0.0,-0.06680087522703379,0.4833059886180437,1
56,80,20,3.0,-0.0889805278093263,0.4777695336525591,1
82,105,18,1.0,-0.10471310182387425,0.4738456183815745,1
51,61,10,1.0,-0.06592466610673758,0.4835247998940347,0
99,70,24,3.0,-0.09834685938171665,0.47543308311278615,1
90,62,20,1.0,-0.0341882187263419,0.4914537777286758,0
65,254,56,5.0,-0.07639688869165369,0.48091006176824275,0
52,72,25,2.0,-0.048771030968518814,0.4878096585046154,0
82,153,37,3.0,-0.03182441375163913,0.49204456798478413,0
87,136,32,2.0,-0.07496983342070962,0.4812663151750411,0
78,65,11,1.0,-0.040107084683925334,0.4899745726833447,1
86,207,45,3.0,-0.06725357514221943,0.4831929406584706,1
69,110,29,3.0,-0.1327350050095788,0.4668648839467249,1
68,89,30,2.0,-0.12196298570079954,0.4695469931828013,0
54,171,59,3.0,-0.03194304950251017,0.49201491658341207,0
74,104,22,2.0,-0.04703047188134255,0.48824454873933765,1
93,187,59,4.0,-0.05944619880936528,0.48514282529291,1
147,351,85,5.0,-0.15828120760196074,0.4605121043559434,1
75,474,125,5.0,-0.018668432881253985,0.49533302731960344,0
69,62,15,1.0,-0.04751265586159671,0.4881240700628265,1
69,256,76,3.0,-0.05437413613585999,0.48640981413596346,1
53,50,17,1.0,-0.052509987657939516,0.486875518623339,1
90,821,0,0.0,-0.22092351153485132,0.4449926698051649,1
68,95,23,1.0,-0.06562266314245614,0.4836002190364495,1
83,351,94,10.0,-0.05816950139909623,0.4854617238384457,0
146,417,97,6.0,-0.10362039935540372,0.47411805429256215,1
101,762,0,0.0,-0.11038472874680472,0.4724318048487624,1
62,88,24,1.0,-0.0204742886777467,0.49488160663036174,0
78,147,38,3.0,-0.09724721618629482,0.47570733762154577,1
94,96,21,1.0,-0.08125242777036412,0.4796980612058823,1
66,92,21,1.0,-0.06974858572922837,0.4825699192442781,1
61,197,61,2.0,-0.075961312809667,0.48101879790611,1
99,73,20,1.0,-0.07147957458470733,0.48213771106636927,0
90,525,104,4.0,-0.11115218465688867,0.47224052819816487,1
62,114,22,1.0,-0.189220261515023,0.452835574848513,1
95,99,17,1.0,-0.1792861195309115,0.45529814557079706,1
76,59,13,1.0,-0.06522856894617862,0.48369863722758405,1
70,54,16,1.0,-0.09316272727540802,0.4767261491289934,0
54,63,12,1.0,-0.06044317248117679,0.4848938056517368,0
106,48,19,1.0,-0.02953595541205025,0.4926165478993304,1
64,586,161,4.0,-0.027665658247736934,0.4930840265497352,0
56,922,0,0.0,-0.13004476553593616,0.46753454939562317,1
86,164,34,1.0,-0.12973696132232143,0.4676111767868306,1
92,249,32,1.0,-0.12432792798428785,0.4689579935194477,1
90,47,15,1.0,-0.04099394178724503,0.4897529495298106,0
50,833,0,0.0,-0.08517485871474936,0.4787191493818463,1
125,718,0,0.0,-0.04668543903161129,0.4883307596202795,1
99,283,83,4.0,-0.10501642692743395,0.4737699951962503,1
58,45,10,1.0,-0.07674702846937483,0.48082265500889326,0
96,283,76,4.0,-0.06181728630897778,0.4845505979417699,1
55,315,56,1.0,-0.18630498672201865,0.4535580073883893,1
39,124,28,2.0,-0.02345562359426043,0.49413636293025187,1
60,63,19,2.0,-0.041368653475514154,0.48965931131387364,0
79,653,0,0.0,-0.03738764023618921,0.490654178575782,1
77,79,27,2.0,-0.030183919217383875,0.49245459305247274,0
75,50,12,1.0,-0.1870119730860767,0.4533827914273629,1
79,228,45,4.0,-0.0852293437971347,0.47870555280192856,1
60,947,0,0.0,-0.045217110874097355,0.4886976479361412,1
113,664,139,3.0,-0.0712934629454014,0.4821841797495072,1
83,232,31,1.0,-0.1785300092595211,0.45548566856617284,1
86,227,86,5.0,-0.1523807945281831,0.4619783445188227,1
101,108,37,4.0,-0.07568529213235473,0.4810877039896189,1
70,116,40,1.0,-0.13158637798408998,0.46715079043436714,1
82,224,60,3.0,-0.022601353397284543,0.49434990216443275,1
79,154,44,3.0,-0.038131621676163976,0.4904682494997473,0
78,50,16,1.0,-0.060502834601506225,0.4848789037498128,0
52,65,24,1.0,-0.03267757592548702,0.49183133289723546,0
45,69,16,1.0,-0.04793908074711813,0.4880175245246179,1
48,66,22,1.0,-0.06256979574007257,0.48436265238986553,1
100,50,18,1.0,-0.08608735174694677,0.4784914438062463,1
67,198,100,3.0,-0.04771668782675533,0.48807309097144114,1
54,85,21,1.0,-0.1118006636396294,0.47207891107778377,0
55,65,20,1.0,-0.041861129983446495,0.4895362454765317,0
70,72,14,1.0,-0.03829404749949461,0.4904276578639271,1
64,51,13,1.0,-0.10169250600002173,0.4745987600208148,1
59,37,10,1.0,-0.0816477112680064,0.47959940404797496,0
63,87,27,2.0,-0.15540888773132885,0.46122578598917574,1
85,96,21,2.0,-0.10569892713606724,0.4735998427658828,0
72,120,68,4.0,-0.14631617217143625,0.46348607585129464,1
64,35,12,1.0,-0.04981571557815347,0.48754864594471276,0
81,182,45,3.0,-0.0794841015914713,0.4801394296321826,1
62,262,93,5.0,-0.08700151160609347,0.4782633312493498,1
74,75,32,3.0,-0.03502407778822663,0.4912448755170503,0
58,707,0,0.0,-0.04948920914918273,0.4876302222625531,1
94,738,0,0.0,-0.2561524519780134,0.4363097548295555,1
78,88,15,1.0,-0.09363316014823386,0.4766087970181925,0
76,166,44,1.5,-0.059505371161391644,0.4851280452793483,0
60,45,15,1.0,-0.09227912535097857,0.4769465755062476,1
67,292,35,3.0,-0.10184375077426921,0.4745610465588184,0
49,445,0,0.0,-0.1444762938931947,0.4639436229819763,1
96,72,16,2.0,-0.08569701708365854,0.47858884771275245,0
65,36,10,1.0,-0.16371576841109864,0.4591622312354241,0
59,125,33,2.0,-0.1253791736512031,0.4686962036565646,1
71,340,87,4.0,-0.11225206633902772,0.47196641373049175,1
106,60,14,1.0,-0.127145510840571,0.46825637467574477,1
89,610,137,3.0,-0.08154811390564419,0.47962426198819247,1
124,926,252,5.0,-0.10270841362253982,0.47434544516079735,1
111,82,21,1.0,-0.12167953677847503,0.4696175931558639,1
60,590,101,1.0,-0.11885420033534624,0.4703213791701973,1
67,109,18,2.0,-0.040827464939927616,0.4897945513321032,0
75,200,40,3.0,-0.07816490523051102,0.4804687169552058,1
78,59,18,2.0,-0.06850747921037158,0.48287982548055,0
79,72,19,1.0,-0.08364657564720801,0.47910054035795235,0
83,97,30,3.0,-0.06427230677101281,0.48393745236413493,1
112,44,10,1.0,-0.04400807369301951,0.48899975687668445,0
85,308,132,8.0,-0.05463706980933362,0.4863441295147343,1
90,314,76,4.0,-0.06077026836868482,0.48481210672661235,1
64,728,241,5.0,-0.027109449213253808,0.4932230527357063,1
43,271,68,4.0,-0.12640589549915565,0.46844053754736276,1
74,349,106,3.0,-0.11393552403329708,0.47154689220366225,1
54,48,12,1.0,-0.09649587029031993,0.47589473411277805,1
135,345,62,3.0,-0.07912122773494777,0.48023000561530765,1
80,350,111,1.0,-0.07034422331963232,0.48242119235445396,1
81,126,52,1.0,-0.14197162075249503,0.4645665909701808,1
86,79,23,3.0,-0.025154178161994563,0.49371178701915863,1
43,1117,0,0.0,-0.20442632729475793,0.4490706567273363,1
73,89,25,1.0,-0.10026514749799174,0.4749546915262617,1
69,276,116,4.0,-0.07377237228212138,0.48156526688018664,0
46,65,16,1.0,-0.09084440243537706,0.47730450551399684,0
111,79,21,1.0,-0.0464768932772162,0.4883828677875788,0
126,135,47,4.0,-0.08750506506570911,0.47813768218273484,1
50,49,17,1.0,-0.04193510275575324,0.48951776039706213,0
47,260,54,4.0,-0.1348766852529432,0.4663318533437076,1
70,75,28,3.0,-0.11553408185657969,0.47114856510954256,1
115,73,24,2.0,-0.07741679923924474,0.48065546079216126,1
55,66,16,1.0,-0.06444458058617805,0.4838944284770847,1
79,429,90,6.0,-0.08395617451011277,0.47902327637166253,1
63,394,137,4.0,-0.049541446560122326,0.4876171709111739,0
61,108,38,2.0,-0.07260565403212765,0.48185655617792045,0
68,93,23,3.0,-0.07056827511703263,0.4823652488609242,1
96,114,53,3.0,-0.045277110156700134,0.4886826557901597,1
97,54,17,1.0,-0.05568360755058615,0.4860826940008447,1
73,67,19,2.0,-0.044034686156573084,0.48899310698299364,1
74,223,97,3.0,-0.049160150058550595,0.4877124370193226,1
90,53,17,2.0,-0.29817554323090006,0.42600354726928946,1
119,487,138,1.0,-0.08412677725642904,0.4789807009066719,1
100,45,13,1.0,-0.16778566515131388,0.45815171386063025,1
77,214,56,2.5,-0.0489757146158645,0.48775851813745685,1
61,952,0,0.0,-0.03652304788866695,0.4908702528778724,1
50,848,0,0.0,-0.05157028171044439,0.48711028612212076,1
86,502,91,3.0,-0.06698272055840757,0.48326057810165773,1
66,247,17,1.0,-0.29116428440669456,0.4277188548918979,1
82,72,19,2.0,-0.0817329954517502,0.4795781185330251,1
64,189,48,3.0,-0.23432218857254838,0.4416860288951041,1
91,976,0,0.0,-0.1602139038361417,0.4600319807304287,1
65,795,0,0.0,-0.08275922743035277,0.4793219939219811,1
60,549,153,3.0,-0.12927718565490345,0.46772564008504275,1
82,92,20,3.0,-0.045685809316159974,0.4885805338211902,0
100,890,0,0.0,-0.09098537350274075,0.47726933547188594,1
60,852,0,0.0,-0.10427255182962358,0.47395545578497883,1
77,722,95,1.0,-0.10442825282600393,0.473916636308214,1
135,97,35,3.0,-0.15187845815544546,0.462103204793459,1
70,212,64,4.0,-0.031860788502685755,0.49203547660177227,1
79,63,16,1.0,-0.07802108786186324,0.48050461653598764,1
75,47,13,1.0,-0.07460925930268679,0.4813563327678016,0
50,196,66,4.0,-0.021586570396555604,0.4946035669517326,0
95,102,22,1.0,-0.059673587397706944,0.4850860285307143,0
53,63,10,1.0,-0.13316269948238357,0.466758431419883,0
156,50,11,1.0,-0.051386992571535395,0.487156078062382,0
83,87,14,1.0,-0.07352100472824678,0.481628023634538,1
83,64,21,2.0,-0.08100555196627886,0.47975967871093733,1
63,385,89,6.0,-0.03303521605736362,0.4917419469906518,0
53,54,17,1.0,-0.06438796015905526,0.48390856891001593,0
101,304,104,4.0,-0.08765440544144354,0.4781004185893998,1
61,111,23,1.0,-0.19739746299378444,0.4508102569204561,1
70,385,74,1.0,-0.18740651966369656,0.45328501399708543,1
87,439,161,1.0,-0.05273501077246503,0.4868193017716547,1
79,1043,0,0.0,-0.03823946868818037,0.4904412975728364,1
96,131,18,1.0,-0.18427140474095438,0.4540620641659403,1
87,188,49,4.0,-0.08494961578336344,0.478775358377082,1
91,414,22,3.0,-0.1134594895459492,0.4716655170423046,1
49,848,0,0.0,-0.1146600164678748,0.471366359358539,1
76,603,61,1.0,-0.18581793904026606,0.4536787215439119,1
84,454,195,7.0,-0.049092607090040256,0.48772931257752816,1
110,145,55,3.0,-0.1359550714742787,0.4660634889562958,1
66,308,133,6.0,-0.027399456787718494,0.4931505643042465,1
94,67,10,1.0,-0.11706631660627201,0.4707667988139374,1
79,151,19,2.0,-0.0377842496452784,0.4905550612338034,1
88,66,16,1.0,-0.07465452480497296,0.48134503213543844,1
63,133,13,1.0,-0.11342584845960711,0.47167390031337214,0
66,62,11,1.0,-0.035418714096565225,0.4911462470317591,1
83,283,97,5.0,-0.02497184250452141,0.49375736377580964,1
56,86,23,3.0,-0.0471524310955895,0.4882140758331233,0
71,72,18,1.0,-0.08463899716238324,0.47885287361358636,0
82,848,0,0.0,-0.09114472499667031,0.4772295800767138,1
86,45,13,1.0,-0.06133630497196291,0.48467072936382816,1
83,116,34,3.0,-0.05417795008841365,0.4864588245441202,0
80,48,16,1.0,-0.07651845600010425,0.48087971431385174,0
55,82,32,3.0,-0.06221155925526431,0.4844521244129573,0
80,170,38,2.0,-0.031565317559679625,0.49210932576797933,0
81,39,13,1.0,-0.05622489847155521,0.48594747713593434,0
82,239,71,3.0,-0.09399301673712011,0.4765190305224957,1
83,168,47,3.0,-0.11761783712209618,0.4706293922222619,1
144,796,0,0.0,-0.07921347873692883,0.4802069789633759,1
81,319,69,1.0,-0.10907471578670419,0.4727583242173356,1
95,197,27,1.0,-0.1339708138909329,0.4665573011995925,1
136,292,22,2.0,-0.08428967220777343,0.478940049276885,1
72,160,54,4.0,-0.10149643747789816,0.47464765088676586,1
77,69,26,2.0,-0.03812685022605701,0.49046944192882175,0
67,81,30,2.0,-0.06549561148069394,0.48363194784705615,0
47,63,13,1.0,-0.05740759636313788,0.4856520411589617,0
59,217,60,2.0,-0.0733327589010025,0.48167502171522775,1
78,106,21,2.0,-0.1640679361083734,0.45907477788803536,1
79,393,77,3.0,-0.06790903611978424,0.4830292623758906,1
90,48,15,1.0,-0.14509238362849092,0.4637904049116321,1
78,356,45,1.0,-0.0981022920372598,0.4754940777105059,1
90,175,43,2.0,-0.14011626845819825,0.4650281298096664,1
81,77,25,3.0,-0.08486724203420337,0.47879591474212796,0
82,181,38,3.0,-0.07483991369256839,0.4812987495905205,0
73,86,34,1.0,-0.11643316238983467,0.47092454920163546,1
60,106,28,2.0,-0.030335387831279446,0.49241673456592716,0
82,249,81,3.0,-0.0406162129748058,0.4898473424348588,1
95,90,35,3.0,-0.010983969336785191,0.497254035273582,0
50,51,16,1.0,-0.01090137991726999,0.49727468201038066,0
90,157,34,2.0,-0.1475719630548909,0.46317381679386094,1
121,93,33,5.0,-0.02824646939219778,0.49293885213144556,1
72,54,14,1.0,-0.09653164361679956,0.4758858115754399,0
80,205,88,3.0,-0.0368722137623353,0.49078299079228815,1
59,75,18,1.0,-0.14867656181005537,0.4628991763260927,1
64,882,0,0.0,-0.11817561299902815,0.4704904316887687,1
46,58,10,1.0,-0.0341449551753439,0.491464590460542,0
63,189,47,4.0,-0.08395304807994086,0.47902405660355557,1
132,65,27,1.0,-0.09435993901346507,0.47642750304778086,1
99,370,70,4.0,-0.2078569404520126,0.4482220508553309,1
82,90,30,2.0,-0.16915457023795388,0.45781190444327285,1
191,642,141,6.0,-0.1499092623378485,0.4625927120255256,1
75,263,35,1.0,-0.07781118834513771,0.4805570118528776,1
67,57,23,1.0,-0.09308690019782495,0.47674506485834744,1
55,39,10,1.0,-0.052702607917353816,0.4868273968595151,0
91,919,0,0.0,-0.139316009739481,0.4652272213088187,1
84,68,22,1.0,-0.11799575749716626,0.47053523918112644,1
86,663,0,0.0,-0.03613596323048299,0.49096699211869566,1
72,820,193,1.0,-0.06661797877191165,0.48335166189973405,1
81,340,171,5.0,-0.03535395393421091,0.4911624320051414,0
54,66,23,2.0,-0.07344806357188004,0.481646234328232,1
78,86,23,1.0,-0.03598480276286381,0.49100476995313835,0
74,54,11,1.0,-0.11281458301021173,0.47182622884872166,1
68,91,43,1.0,-0.09290812928001951,0.47678966109519655,1
72,79,14,1.0,-0.1059368197007947,0.473540535801029,0
60,93,23,3.0,-0.10113190109951915,0.4747385515177471,0
78,88,18,1.0,-0.08006782826432306,0.4799937299036901,1
135,365,81,1.0,-0.057703292842364556,0.4855781782263044,1
99,324,74,3.0,-0.021484138909736637,0.494629171854611,0
37,56,25,1.0,-0.057446540188903876,0.48564231322508583,0
88,78,27,1.0,-0.05296862997275577,0.4867609377384177,0
50,83,31,2.0,-0.0666263644785111,0.483349567797619,1
69,872,196,1.6666666666666667,-0.09723207101409517,0.4757111149783126,1
84,104,37,3.0,-0.0537887238356266,0.48655606024871617,0
110,676,149,4.0,-0.10306996992383051,0.47425529488316714,0
43,60,11,1.0,-0.014229371950602854,0.4964427170338935,0
57,226,40,4.0,-0.05450839190293204,0.48637627505156067,0
55,121,49,2.0,-0.04200182766058121,0.48950108651407903,1
60,68,13,1.0,-0.09054072594481379,0.4773802687388744,0
82,57,24,1.0,-0.08194203858690703,0.47952594515427427,0
46,59,23,1.0,-0.14411813592979708,0.46403269799450325,1
56,44,10,1.0,-0.06600439813731403,0.4835048885543986,0
74,108,41,4.0,-0.03978445545249612,0.4900551978240807,1
87,72,30,2.0,-0.04082835244897568,0.48979432954727825,0
83,73,18,2.0,-0.07617596953339113,0.4809652112815399,0
96,80,30,2.0,-0.04754746775227059,0.4881153720035444,0
72,933,83,2.6666666666666665,-0.0950180942418209,0.4762633325058729,0
94,398,63,3.0,-0.23697089061290819,0.44103296159941296,1
50,95,23,1.0,-0.05864636824350688,0.4853426087466831,1
56,109,29,3.0,-0.10593508463010437,0.47354096835399273,1
92,49,10,1.0,-0.1996930222319659,0.4502419859343542,1
50,958,71,2.0,-0.2023878552692843,0.44957503953840694,1
84,120,34,3.0,-0.016508192901489152,0.4958730454974876,1
83,61,20,1.0,-0.0348455129173086,0.4912895031170392,0
71,83,26,1.0,-0.02212407489477383,0.49446920687307033,0
111,121,28,3.0,-0.1219550755059076,0.46954896339619784,1
82,93,21,2.0,-0.10913111511905527,0.4727442662602969,0
82,100,21,1.0,-0.11943239964596951,0.4701773411080959,1
136,838,150,5.0,-0.15382734056790953,0.46161881903942076,1
83,52,30,1.0,-0.07122664609456056,0.48220086277417157,0
107,138,48,3.0,-0.09340580650986492,0.47666551133297713,1
76,358,74,3.0,-0.11396914761244462,0.4715385135378472,0
63,103,24,2.0,-0.10164259077260474,0.4746112066369953,1
171,463,136,4.0,-0.10228810188978035,0.47445024759175347,0
56,54,19,2.0,-0.11483488057368844,0.4713227869188869,0
67,701,101,1.0,-0.03416150056979998,0.4914604553178972,1
73,38,10,1.0,-0.09141161445731996,0.4771629964966438,1
63,73,32,3.0,-0.03938975049478778,0.4901538354134445,1
56,1063,0,0.0,-0.04478180386071218,0.48880641961543136,1
58,221,44,3.0,-0.05535174642131494,0.4861655953866423,0
84,460,36,5.0,-0.14330117900423142,0.4642358863313027,1
76,76,19,2.0,-0.0907465092510779,0.47732892844095653,1
132,713,161,3.0,-0.13684668037484576,0.4658416203133601,1
51,145,43,4.0,-0.07861091470905728,0.48035738569692626,1
88,96,10,1.0,-0.21803100149703242,0.44570715832288843,1
93,848,250,1.0,-0.06492215843419034,0.48377515881337857,1
83,1028,0,0.0,-0.22679305394117963,0.4435435163479469,1
82,84,19,3.0,-0.03371473240464184,0.4915721152032911,1
164,847,187,10.0,-0.15466115552528467,0.461411600249029,1
43,458,87,1.0,-0.06541734473214059,0.48365149359053433,1
87,851,0,0.0,-0.1178979836466954,0.47055959782936724,1
59,40,13,1.0,-0.04305480370104715,0.4892379615037329,0
54,44,10,1.0,-0.1232904894242921,0.4692163617746165,1
55,187,27,1.0,-0.20807256365181054,0.4481687237272751,1
46,97,29,1.0,-0.06235632622052525,0.4844159677485374,1
60,69,18,3.0,-0.035447201485880556,0.4911391274193227,1
140,601,138,7.0,-0.2204247106241912,0.44511586413547016,1
70,224,58,4.0,-0.10180177410940319,0.47457151357141686,1
94,353,102,4.0,-0.0307781867886394,0.49230606066358223,0
73,710,179,2.0,-0.08003586760995549,0.4800017072801034,1
87,31,5,1.0,-0.19393479613557116,0.4516676904474966,1
90,90,18,1.0,-0.06640159957388403,0.4834056969204752,1
143,324,54,1.0,-0.03909566516634011,0.4902273284471564,0
63,48,19,1.0,-0.25227500739706554,0.43726362169256244,1
83,116,34,3.0,-0.05544092605253387,0.4861433175744941,0
90,371,125,6.0,-0.05514936358843026,0.4862161525020406,1
66,169,41,3.0,-0.10336502886477032,0.47418172626937705,1
99,246,99,3.0,-0.04244591254293137,0.4893901147629371,0
91,483,63,1.0,-0.07955721464216094,0.4801211802348943,1
68,68,27,3.0,-0.06865050353607695,0.48284411140711764,0
91,122,36,1.0,-0.1451027420848055,0.46378782887985204,1
60,63,19,2.0,-0.046576400123595624,0.4883580045339672,0
104,176,18,1.0,-0.1526822148085119,0.4619034260550192,1
62,159,35,3.0,-0.07878910887173034,0.4803129060651262,1
64,188,40,3.0,-0.05507284990554379,0.4862352664057363,0
82,58,19,1.0,-0.024512137010528467,0.4938722725620904,0
89,78,39,3.0,-0.017069091780470964,0.4957328306590795,0
59,928,0,0.0,-0.11607061157082313,0.47101488136374176,1
79,160,20,2.0,-0.07709285923416183,0.4807363250774814,0
87,95,21,1.0,-0.08024790881529091,0.4799487820053976,1
94,192,61,4.0,-0.06491301997946555,0.48377744102174125,1
76,236,75,4.0,-0.16366835365537338,0.45917400587245694,1
106,182,20,1.0,-0.10686597927252926,0.47330890212712096,1
62,49,13,1.0,-0.0512776429663705,0.48718339746301237,0
109,920,0,0.0,-0.18357614018753884,0.4542344185896025,1
75,148,45,3.0,-0.052039059614301664,0.4869931702409391,1
85,139,41,3.0,-0.10273135993302926,0.47433972368879956,1
88,96,35,2.0,-0.04454831762982459,0.4888647620704217,0
50,52,22,1.0,-0.19504402460089523,0.4513929892576629,1
70,116,40,1.0,-0.13158637798408998,0.46715079043436714,1
122,677,296,5.0,-0.06949946347009611,0.4826321243935837,1
84,51,19,2.0,-0.03457260305267649,0.4913577100384904,1
106,211,56,5.0,-0.09375504493224922,0.47657839259797197,1
85,620,149,4.0,-0.06563892013271387,0.483596159162331,1
89,59,20,1.0,-0.058788941926152236,0.4853069960309083,0
71,104,31,2.0,-0.14087682315156858,0.4648389263603843,0
63,924,63,1.0,-0.06642481897500715,0.4833998984663761,1
82,131,19,1.0,-0.3038890777271986,0.4246070421758376,1
72,1133,0,0.0,-0.30282637532547535,0.4248666980508412,1
76,68,21,1.0,-0.1239928684353404,0.4690414364083394,1
84,172,53,2.0,-0.030415582004851654,0.49239669064637354,0
105,556,100,4.0,-0.13732862112014593,0.4657216994295367,1
47,915,0,0.0,-0.04039217873896009,0.48990332802827274,1
66,82,15,3.0,-0.09980301012327572,0.4750699373180425,0
82,130,25,1.0,-0.09998607232145501,0.4750242857515929,0
68,60,21,2.0,-0.10095201404436575,0.47478340869198915,1
121,130,46,3.0,-0.07593029805622968,0.4810265404248442,1
72,48,16,1.0,-0.0169431369071794,0.49576431710080504,0
115,279,80,4.0,-0.04061338417057207,0.4898480493443544,0
62,539,123,1.0,-0.04455257162434998,0.48886369909930844,1
51,42,12,1.0,-0.07038621285775865,0.482410707953038,1
59,91,20,1.0,-0.04159760792263754,0.48960209731986254,0
54,71,22,1.0,-0.0735641172681898,0.48161726005983396,1
72,140,46,3.0,-0.06286320854601272,0.48428937127238225,1
96,239,34,2.0,-0.16185486788620163,0.45962438788761434,1
48,77,17,1.0,-0.02565546813675586,0.4935864847448914,0
82,959,0,0.0,-0.053921667463325634,0.48652284842936633,1
88,80,19,1.0,-0.08252264838878597,0.4793810378144877,1
118,608,109,6.0,-0.1527799143144239,0.46187914306501726,1
83,51,14,1.0,-0.03664365067992261,0.4908401122658,0
82,101,24,1.0,-0.07744956777503849,0.48064728092575165,0
54,108,32,1.0,-0.04784018277483823,0.48804223484720743,0
53,80,27,3.0,-0.06547250043468011,0.4836377194189898,1
76,466,68,1.0,-0.061034058696042136,0.48474622025819314,0
78,497,159,6.0,-0.03786959580121459,0.4905337323254887,0
65,174,20,1.0,-0.20771248510870674,0.4482577776798957,1
85,118,27,2.0,-0.062105276952597765,0.48447866934015843,1
64,158,46,4.0,-0.040270081075140005,0.48993384003482854,1
104,271,66,4.0,-0.0749704234533417,0.4812661678739573,1
79,84,20,2.0,-0.06745069149418627,0.4831437174145961,0
87,47,13,1.0,-0.06533003838530828,0.48367329687366195,1
47,194,63,4.0,-0.0474126552980011,0.48814905612952736,0
82,100,18,2.0,-0.08429635484639739,0.4789383815813579,1
68,175,60,4.0,-0.053457212262601216,0.48663887859307947,1
130,163,56,2.0,-0.08410171677475044,0.4789869549583907,1
76,88,19,1.0,-0.09521755627229014,0.47621357961674765,1
60,77,20,1.0,-0.049675465408650206,0.48758368680436726,0
83,382,65,5.0,-0.08204876847575317,0.47949930748006997,0
110,84,21,1.0,-0.060796442426752535,0.48480556925231955,1
62,61,21,1.0,-0.05090090959101828,0.48727751937597813,0
77,92,28,3.0,-0.05769397546608654,0.4855805056327753,1
91,81,30,2.0,-0.05257007763007112,0.4868605064927684,0
96,585,145,2.0,-0.08448948496884033,0.47889018491787616,1
97,102,46,1.0,-0.03285324732384819,0.49178742683281035,0
47,715,0,0.0,-0.08575933948661768,0.4785732957036931,1
63,420,30,1.0,-0.020177584834581114,0.4949557749302118,1
59,40,13,1.0,-0.0458388392716592,0.48854229635496094,0
67,68,12,1.0,-0.30176034295763465,0.4251272092170096,0
61,37,10,1.0,-0.08691151746871936,0.47828578730692695,1
94,807,0,0.0,-0.07318668365859057,0.4817114915706175,1
131,557,216,10.0,-0.0705009511731029,0.4823820589301584,1
90,158,24,2.0,-0.21576240899100543,0.4462676880896704,0
73,38,10,1.0,-0.0783855424320791,0.4804136420590707,1
92,320,35,3.0,-0.10756053816044144,0.473135760435863,0
64,77,21,3.0,-0.06256149814249339,0.48436472476054565,0
72,80,18,2.0,-0.03282622329610545,0.49179418101857236,0
79,63,12,1.0,-0.03010760569561492,0.4924736670991185,1
91,70,27,1.0,-0.06067056409071711,0.48483700983479894,1
149,176,59,3.0,-0.10036072277517682,0.4749308577152978,1
69,132,41,4.0,-0.133131467130516,0.46676620500411226,1
66,189,44,3.0,-0.07208406618320287,0.48198678267092127,0
127,652,123,2.0,-0.06783499495479617,0.48304775136606626,0
77,50,20,1.0,-0.08260906616959167,0.4793594701475237,1
71,247,43,1.0,-0.11323650461190227,0.4717210846047945,1
80,109,35,2.0,-0.051154047887444036,0.4872142759792355,0
44,884,0,0.0,-0.09759980653913161,0.47561939886283433,1
90,70,21,2.0,-0.13009304153639684,0.4675225312975155,1
81,101,21,3.0,-0.13760430084326053,0.4656531040716028,1
61,87,24,1.0,-0.02844777050443018,0.49288853696191126,0
92,139,24,1.0,-0.06543597194743843,0.48364684176669054,1
61,324,113,5.0,-0.01326121022240685,0.49668474602921897,0
81,82,30,3.0,-0.10772849820747343,0.4730938918277638,1
53,729,0,0.0,-0.11094021228175596,0.4722933582591883,1
96,75,21,1.0,-0.013464127793769402,0.4966340189009263,1
51,685,0,0.0,-0.16731263858416096,0.4582691444232896,1
101,66,21,2.0,-0.08478073305383305,0.4788175031312253,1
81,59,16,1.0,-0.1081191751144009,0.4729965064520615,1
65,37,10,1.0,-0.02104901691654959,0.4947379400539394,0
60,89,21,3.0,-0.04920092497606759,0.48770224945141744,1
54,71,28,3.0,-0.06602475109753907,0.48349980585385943,1
52,123,51,4.0,-0.18534919990676849,0.45379490309256015,1
78,78,19,1.0,-0.08867075476505686,0.47784682435739656,0
77,758,117,2.0,-0.12497846488076728,0.4687959894339119,1
52,278,15,1.0,-0.06642713177842471,0.48339932090286786,0
80,71,26,2.0,-0.11016535161882747,0.4724864827334216,1
80,64,21,3.0,-0.05999409904748839,0.4850059722919302,1
65,84,32,2.0,-0.10892607570229446,0.4727953740812629,1
96,90,30,2.0,-0.05521064611478173,0.4862008435267292,1
82,96,21,2.0,-0.14846231554269326,0.4629524434123352,1
86,64,21,1.0,-0.07662312948312877,0.48085358426250513,0
56,206,79,5.0,-0.09088367672772724,0.4772947071792617,0
92,466,124,4.0,-0.055515396863122464,0.4861247141900179,1
88,77,23,3.0,-0.09506032461484655,0.4762527987170102,0
77,60,14,1.0,-0.06011116240775694,0.4849767328215052,1
86,153,42,4.0,-0.15566259401337026,0.46116274147127845,1
68,208,58,3.0,-0.12290472262954648,0.46931243904795156,0
52,99,21,1.0,-0.05323807411217274,0.4866936241703113,1
81,295,20,1.0,-0.058286374311093105,0.4854325303625142,0
69,72,19,2.0,-0.08257746631146444,0.4793673566546647,0
66,246,53,4.0,-0.07044773670987844,0.48239534604108286,0
49,61,12,1.0,-0.050023192224456475,0.487496809083631,0
83,82,14,1.0,-0.07026086127437534,0.48244200713617935,1
65,53,16,2.0,-0.11218267500521303,0.47198370706418163,0
77,57,19,2.0,-0.0207400105239744,0.49481518322090373,1
83,316,0,0.0,-0.08778272608011134,0.4780684000612631,1
73,369,90,3.0,-0.03648569502635108,0.4908795879831874,0
65,56,19,1.0,-0.2282836220493234,0.443175656284491,1
61,63,24,3.0,-0.07941269757941087,0.4801572524957056,0
61,737,0,0.0,-0.04091537503600262,0.4897725829837482,1
66,73,15,1.0,-0.06495826418880746,0.4837661418846838,1
118,510,198,5.0,-0.05218191102438853,0.48695748162205066,1
89,899,0,0.0,-0.12214240933544221,0.4695023039133417,1
83,78,16,2.0,-0.05735191920319153,0.48566594899813653,1
79,121,30,2.0,-0.05167307886593875,0.4870846039465044,1
92,127,50,2.0,-0.07784843141735646,0.4805477151705467,0
112,89,19,1.0,-0.17577783787526088,0.4561683411179396,1
51,62,16,1.0,-0.05220061761348305,0.4869528081580445,0
42,96,24,1.0,-0.11085299828974476,0.4723150948591834,0
91,49,17,1.0,-0.02798230595773906,0.4930048799416993,0
66,43,14,1.0,-0.03182227874323724,0.49204510160177123,1
68,73,22,3.0,-0.09112079370535753,0.47723555049461147,0
66,61,19,1.0,-0.04654742527327436,0.48836524432185213,0
82,389,79,5.0,-0.05521587135836743,0.4861995382109006,0
100,731,0,0.0,-0.06554304345152592,0.4836201025711945,1
126,77,18,1.0,-0.08359162867719583,0.47911425311605416,1
91,142,33,3.0,-0.051010660739420614,0.4872500993916789,1
73,71,21,1.0,-0.08418227516302876,0.47896685096576386,1
75,762,157,2.5,-0.08151014133300852,0.47963373937358356,1
70,548,185,1.5,-0.05514704958483348,0.48621673056331044,1
96,77,21,1.0,-0.05652503904423384,0.48587250157933337,0
48,322,39,1.0,-0.08662595606109579,0.47835704345597757,0
84,152,41,4.0,-0.09318382217792383,0.4767208868324691,1
86,266,57,4.0,-0.10654677226920985,0.4733884771474898,1
65,512,42,2.0,-0.08272705601234041,0.4793300230259719,1
80,312,87,4.0,-0.02012856733745426,0.4949680280603094,1
145,459,126,4.0,-0.1215042321970436,0.4696612577116558,1
62,88,20,1.0,-0.027913877000133407,0.49302198384093565,1
83,60,14,1.0,-0.07985404328770074,0.48004709080825203,1
103,73,13,1.0,-0.0775581248818753,0.4806201823636473,1
52,1005,0,0.0,-0.17169813834497105,0.45718060763283913,1
61,65,28,2.0,-0.023594020857738228,0.4941017684009193,0
50,50,10,1.0,-0.10972017460231125,0.47259744134861525,0
77,71,20,2.0,-0.11385052309837139,0.47156807367360803,1
83,66,28,2.0,-0.06552327818429428,0.48362503858655853,1
57,33,12,1.0,-0.07192378492219872,0.48202680109420487,0
60,53,10,1.0,-0.09011420405348712,0.4774866820058658,1
72,57,20,1.0,-0.012508646929448685,0.49687287904160504,1
66,132,41,3.0,-0.05880203474606666,0.485303725653094,0
75,136,30,1.0,-0.13678153436979415,0.46585783083866367,1
60,117,20,3.0,-0.059848761068158396,0.48504227419079743,0
102,246,82,4.0,-0.06194312130817341,0.4845191692879161,1
83,164,50,3.0,-0.04587136698768002,0.4885341686991907,0
115,645,116,1.0,-0.1510108012772912,0.4623188799909215,0
